id,name,link,source,description,boni,prerequisite
0,Aberrant Dragonmark,https://dnd5e.wikidot.com/feat:aberrant-dragonmark, Eberron - Rising from the Last War,Source: Eberron - Rising from the Last War. You have manifested an aberrant dragonmark. Determine its appearance and the flaw associated with it. You gain the following benefits:. You also develop a random flaw from the Aberrant Dragonmark Flaws table.. Option: Greater Aberrant Powers,"['Increase your Constitution score by 1, to a maximum of 20.', 'You learn a cantrip of your choice from the sorcerer spell list. In addition, choose a 1st-level spell from the sorcerer spell list. You learn that spell and can cast it through your mark. Once you cast it, you must finish a short or long rest before you can cast it again through the mark. Constitution is your spellcasting ability for these spells.', 'When you cast the 1st-level spell through your mark, you can expend one of your Hit Dice and roll it. If you roll an even number, you gain a number of temporary hit points equal to the number rolled. If you roll an odd number, one random creature within 30 feet of you (not including you) takes force damage equal to the number rolled. If no other creatures are in range, you take the damage.', ""At the DM's option, a character who has the Aberrant Dragonmark feat has a chance of manifesting greater power. Upon reaching 10th level, such a character has a 10 percent chance of gaining an epic boon from among the options in chapter 7 of the Dungeon Master's Guide. If the character fails to gain a boon, they have a 10 percent chance the next time they gain a level."", ""If the character gains a boon, the DM chooses it or determines it randomly. The character also permanently loses one of their Hit Dice, and their hit point maximum is reduced by an amount equal to a roll of that die plus their Constitution modifier (minimum reduction of 1). This reduction can't be reversed by any means.""]",: No other dragonmark
1,Actor,https://dnd5e.wikidot.com/feat:actor, Player's Handbook,"Source: Player's Handbook. Skilled at mimicry and dramatics, you gain the following benefits:","['Increase your Charisma score by 1, to a maximum of 20.', 'You have an advantage on Charisma (Deception) and Charisma (Performance) checks when trying to pass yourself off as a different person.', 'You can mimic the speech of another person or the sounds made by other creatures. You must have heard the person speaking, or heard the creature make the sound, for at least 1 minute. A successful Wisdom (Insight) check contested by your Charisma (Deception) check allows a listener to determine that the effect is faked.']",
2,Alert,https://dnd5e.wikidot.com/feat:alert, Player's Handbook,"Source: Player's Handbook. Always on the lookout for danger, you gain the following benefits:","[""You can't be surprised while you are conscious."", 'You gain a +5 bonus to initiative.', ""Other creatures don't gain advantage on attack rolls against you as a result of being unseen by you.""]",
3,Artificer Initiate,https://dnd5e.wikidot.com/feat:artificer-initiate, Tasha's Cauldron of Everything,Source: Tasha's Cauldron of Everything. You’ve learned some of an artificer’s inventiveness:,"['You learn one cantrip of your choice from the Artificer spell list, and you learn one 1st-level spell of your choice from that list. Intelligence is your spellcasting ability for these spells.', ""You can cast this feat's 1st-level spell without a spell slot, and you must finish a long rest before you can cast it in this way again. You can also cast the spell using any spell slots you have."", ""You gain proficiency with one type of artisan's tools of your choice, and you can use that type of tool as a spellcasting focus for any spell you cast that uses Intelligence as its spellcasting ability.""]",
4,Athlete,https://dnd5e.wikidot.com/feat:athlete, Player's Handbook,Source: Player's Handbook. You have undergone extensive physical training to gain the following benefits:,"['Increase your Strength or Dexterity score by 1, to a maximum of 20.', 'When you are prone, standing up uses only 5 feet of your movement.', ""Climbing doesn't cost you extra movement."", 'You can make a running long jump or a running high jump after moving only 5 feet on foot, rather than 10 feet.']",
5,Cartomancer,https://dnd5e.wikidot.com/feat:cartomancer, The Book of Many Things,"Source: The Book of Many Things. You have learned to channel your magic through a deck of cards. You can use a card deck as your spellcasting focus, and you gain the following benefits:. Card Tricks. You learn the Prestidigitation cantrip and can use it to create illusions that duplicate the effects of stage magic. When you use Prestidigitation in this way, you can conceal the verbal and somatic components of the spell as ordinary conversation and card handling.. Hidden Ace. When you finish a long rest, you can choose one spell from your class’s spell list and imbue that spell into a card. The chosen spell must have a casting time of 1 action, and it must be a level for which you have spell slots. The card remains imbued with this spell for 8 hours. While the card is imbued with the spell, you can use a bonus action to flourish the card and cast the spell within. The card then immediately loses its magic.",[],": 4th Level, Spellcasting Feature"
6,Charger,https://dnd5e.wikidot.com/feat:charger, Player's Handbook,"Source: Player's Handbook. When you use your action to Dash, you can use a bonus action to make one melee weapon attack or to shove a creature. If you move at least 10 feet in a straight line immediately before taking this bonus action, you either gain a +5 bonus to the attack’s damage roll (if you chose to make a melee attack and hit) or push the target up to 10 feet away from you (if you chose to shove and you succeed).",[],
7,Chef,https://dnd5e.wikidot.com/feat:chef, Tasha's Cauldron of Everything,Source: Tasha's Cauldron of Everything. Time and effort spent mastering the culinary arts has paid off. You gain the following benefits:,"['Increase your Constitution or Wisdom score by 1, to a maximum of 20.', 'You gain proficiency with cook’s utensils if you don’t already have it.', ""As part of a short rest, you can cook special food, provided you have ingredients and cook's utensils on hand. You can prepare enough of this food for a number of creatures equal to 4 + your proficiency bonus. At the end of the short rest, any creature who eats the food and spends one or more Hit Dice to regain hit points regains an extra 1d8 hit points."", 'With one hour of work or when you finish a long rest, you can cook a number of treats equal to your proficiency bonus. These special treats last 8 hours after being made. A creature can use a bonus action to eat one of those treats to gain temporary hit points equal to your proficiency bonus.']",
8,Crossbow Expert,https://dnd5e.wikidot.com/feat:crossbow-expert, Player's Handbook,"Source: Player's Handbook. Thanks to extensive practice with the crossbow, you gain the following benefits:","['You ignore the loading quality of crossbows with which you are proficient.', 'Being within 5 feet of a hostile creature doesn’t impose disadvantage on your ranged attack rolls.', 'When you use the Attack action and attack with a one handed weapon, you can use a bonus action to attack with a hand crossbow you are holding.']",
9,Crusher,https://dnd5e.wikidot.com/feat:crusher, Tasha's Cauldron of Everything,"Source: Tasha's Cauldron of Everything. You are practiced in the art of crushing your enemies, granting you the following benefits:","['Increase your Strength or Constitution by 1, to a maximum of 20.', 'Once per turn, when you hit a creature with an attack that deals bludgeoning damage, you can move it 5 feet to an unoccupied space, provided the target is no more than one size larger than you.', 'When you score a critical hit that deals bludgeoning damage to a creature, attack rolls against that creature are made with advantage until the start of your next turn.']",
10,Defensive Duelist,https://dnd5e.wikidot.com/feat:defensive-duelist, Player's Handbook,"Source: Player's Handbook. When you are wielding a finesse weapon with which you are proficient and another creature hits you with a melee attack, you can use your reaction to add your proficiency bonus to your AC for that attack, potentially causing the attack to miss you.",[],: Dexterity 13 or higher
11,Dual Wielder,https://dnd5e.wikidot.com/feat:dual-wielder, Player's Handbook,"Source: Player's Handbook. You master fighting with two weapons, gaining the following benefits:","['You gain a +1 bonus to AC while you are wielding a separate melee weapon in each hand.', ""You can use two-weapon fighting even when the one-handed melee weapons you are wielding aren't light."", 'You can draw or stow two one-handed weapons when you would normally be able to draw or stow only one.']",
12,Dungeon Delver,https://dnd5e.wikidot.com/feat:dungeon-delver, Player's Handbook,"Source: Player's Handbook. Alert to the hidden traps and secret doors found in many dungeons, you gain the following benefits:","['You have advantage on Wisdom (Perception) and Intelligence (Investigation) checks made to detect the presence of secret doors.', 'You have advantage on saving throws made to avoid or resist traps.', 'You have resistance to the damage dealt by traps.', ""Travelling at a fast pace doesn't impose the normal -5 penalty on your passive Wisdom (Perception) score.""]",
13,Durable,https://dnd5e.wikidot.com/feat:durable, Player's Handbook,"Source: Player's Handbook. Hardy and resilient, you gain the following benefits:","['Increase your Constitution score by 1, to a maximum of 20.', 'When you roll a Hit Die to regain hit points, the minimum number of hit points you regain from the roll equals twice your Constitution modifier (minimum of 2).']",
14,Eldritch Adept,https://dnd5e.wikidot.com/feat:eldritch-adept, Tasha's Cauldron of Everything,"Source: Tasha's Cauldron of Everything. Studying occult lore, you learn one Eldritch Invocation option of your choice from the warlock class. Your spellcasting ability for the invocation is Intelligence, Wisdom, or Charisma (choose when you select this feat). If the invocation has a prerequisite of any kind, you can choose that invocation only if you’re a warlock who meets the prerequisite.. Whenever you gain a level, you can replace the invocation with another one from the warlock class.",[],: Spellcasting or Pact Magic feature
15,Elemental Adept,https://dnd5e.wikidot.com/feat:elemental-adept, Player's Handbook,Source: Player's Handbook,"['When you gain this feat, choose one of the following damage types: acid, cold, fire, lightning, or thunder.', 'Spells you cast ignore resistance to damage of the chosen type. In addition, when you roll damage for a spell you cast that deals damage of that type, you can treat any 1 on a damage die as a 2.', 'You can select this feat multiple times. Each time you do so, you must choose a different damage type.']",: The ability to cast at least one spell
16,Ember of the Fire Giant,https://dnd5e.wikidot.com/feat:ember-of-the-fire-giant, Bigby Presents - Glory of the Giants,"Source: Bigby Presents - Glory of the Giants. You’ve manifested the fiery combat emblematic of fire giants, granting you the following benefits:","['Ability Score Increase. Increase your Strength, Constitution, or Wisdom score by 1, to a maximum of 20.', 'Born of Flame. You have resistance to fire damage.', 'Searing Ignition. When you take the Attack action on your turn, you can replace a single attack with a magical burst of flame. Each creature of your choice in a 15-foot-radius sphere centered on you must make a Dexterity saving throw (DC equals 8 + your proficiency bonus + the modifier of the ability increased by this feat). On a failed save, a creature takes fire damage equal to 1d8 + your proficiency bonus, and it has the blinded condition until the start of your next turn. On a successful save, the creature takes half as much damage only. You can use your Searing Ignition a number of times equal to your proficiency bonus (but no more than once per turn), and you regain all expended uses when you finish a long rest.']",": 4th Level, Strike of the Giants (Fire Strike) Feat"
17,Fey Touched,https://dnd5e.wikidot.com/feat:fey-touched, Tasha's Cauldron of Everything,"Source: Tasha's Cauldron of Everything. Your exposure to the Feywild's magic has changed you, granting you the following benefits:","['Increase your Intelligence, Wisdom, or Charisma score by 1, to a maximum of 20.', ""You learn the Misty Step spell and one 1st-level spell of your choice. The 1st-level spell must be from the Divination or Enchantment school of magic. You can cast each of these spells without expending a spell slot. Once you cast either of these spells in this way, you can't cast that spell in this way again until you finish a long rest. You can also cast these spells using spell slots you have of the appropriate level. The spells' spellcasting ability is the ability increased by this feat.""]",
18,Fighting Initiate,https://dnd5e.wikidot.com/feat:fighting-initiate, Tasha's Cauldron of Everything,"Source: Tasha's Cauldron of Everything. Your martial training has helped you develop a particular style of fighting. As a result, you learn one Fighting Style option of your choice from the fighter class. If you already have a style, the one you choose must be different.. Whenever you reach a level that grants the Ability Score Improvement feature, you can replace this feat's fighting style with another one from the fighter class that you don't have.",[],: Proficiency with a martial weapon
19,Fury of the Frost Giant,https://dnd5e.wikidot.com/feat:fury-of-the-frost-giant, Bigby Presents - Glory of the Giants,"Source: Bigby Presents - Glory of the Giants. You’ve manifested the icy might emblematic of frost giants, granting you the following benefits:","['Ability Score Increase. Increase your Strength, Constitution, or Wisdom score by 1, to a maximum of 20.', 'Born of Ice. You have resistance to cold damage.', 'Frigid Retaliation. Immediately after a creature you can see within 30 feet of you hits you with an attack roll and deals damage, you can use your reaction to retaliate with a conjured blast of ice. The creature must make a Constitution saving throw (DC equals 8 + your proficiency bonus + the modifier of the ability increased by this feat). On a failed save, the creature takes cold damage equal to 1d8 + your proficiency bonus, and its speed is reduced to 0 until the end of its next turn. You can use this reaction a number of times equal to your proficiency bonus, and you regain all expended uses when you finish a long rest.']",": 4th Level, Strike of the Giants (Frost Strike) Feat"
20,Gift of the Chromatic Dragon,https://dnd5e.wikidot.com/feat:gift-of-the-chromatic-dragon, Fizban's Treasury of Dragons,"Source: Fizban's Treasury of Dragons. You’ve manifested some of the power of chromatic dragons, granting you the following benefits:","['Chromatic Infusion. As a bonus action, you can touch a simple or martial weapon and infuse it with one of the following damage types: acid, cold, fire, lightning, or poison. For the next minute, the weapon deals an extra 1d4 damage of the chosen type when it hits. After you use this bonus action, you can’t do so again until you finish a long rest.', 'Reactive Resistance. When you take acid, cold, fire, lightning, or poison damage, you can use your reaction to give yourself resistance to that instance of damage. You can use this reaction a number of times equal to your proficiency bonus, and you regain all expended uses when you finish a long rest.']",
21,Gift of the Gem Dragon,https://dnd5e.wikidot.com/feat:gift-of-the-gem-dragon, Fizban's Treasury of Dragons,"Source: Fizban's Treasury of Dragons. You’ve manifested some of the power of gem dragons, granting you the following benefits:","['Ability Score Increase. Increase your Intelligence, Wisdom, or Charisma score by 1, to a maximum of 20.', 'Telekinetic Reprisal. When you take damage from a creature that is within 10 feet of you, you can use your reaction to emanate telekinetic energy. The creature that dealt damage to you must make a Strength saving throw (DC equals 8 + your proficiency bonus + the ability modifier of the score increased by this feat). On a failed save, the creature takes 2d8 force damage and is pushed up to 10 feet away from you. On a successful save, the creature takes half as much damage and isn’t pushed. You can use this reaction a number of times equal to your proficiency bonus, and you regain all expended uses when you finish a long rest.']",
22,Gift of the Metallic Dragon,https://dnd5e.wikidot.com/feat:gift-of-the-metallic-dragon, Fizban's Treasury of Dragons,"Source: Fizban's Treasury of Dragons. You’ve manifested some of the power of metallic dragons, granting you the following benefits:","['Draconic Healing. You learn the Cure Wounds spell. You can cast this spell without expending a spell slot. Once you cast this spell in this way, you can’t do so again until you finish a long rest. You can also cast this spell using spell slots you have. The spell’s spellcasting ability is Intelligence, Wisdom, or Charisma when you cast it with this feat (choose when you gain the feat).', 'Protective Wings. You can manifest protective wings that can shield you or others. When you or another creature you can see within 5 feet of you is hit by an attack roll, you can use your reaction to manifest spectral wings from your back for a moment. You grant a bonus to the target’s AC equal to your proficiency bonus against that attack roll, potentially causing it to miss. You can use this reaction a number of times equal to your proficiency bonus, and you regain all expended uses when you finish a long rest.']",
23,Grappler,https://dnd5e.wikidot.com/feat:grappler, Player's Handbook,Source: Player's Handbook. You've developed the skills necessary to hold your own in close-quarters grappling. You gain the following benefits:,"['You have advantage on attack rolls against a creature you are grappling.', 'You can use your action to try to pin a creature grappled by you. To do so, make another grapple check. If you succeed, you and the creature are both restrained until the grapple ends.']",: Strength 13 or higher
24,Great Weapon Master,https://dnd5e.wikidot.com/feat:great-weapon-master, Player's Handbook,"Source: Player's Handbook. You've learned to put the weight of a weapon to your advantage, letting its momentum empower your strikes. You gain the following benefits:","['On your turn, when you score a critical hit with a melee weapon or reduce a creature to 0 hit points with one, you can make one melee weapon attack as a bonus action.', ""Before you make a melee attack with a heavy weapon that you are proficient with, you can choose to take a -5 penalty to the attack roll. If the attack hits, you add +10 to the attack's damage.""]",
25,Guile of the Cloud Giant,https://dnd5e.wikidot.com/feat:guile-of-the-cloud-giant, Bigby Presents - Glory of the Giants,"Source: Bigby Presents - Glory of the Giants. You’ve manifested the confounding magic emblematic of cloud giants, granting you the following benefits:","['Ability Score Increase. Increase your Strength, Constitution, or Charisma score by 1, to a maximum of 20.', 'Cloudy Escape. When a creature you can see hits you with an attack roll, you can use your reaction to give yourself resistance to that attack’s damage. You then teleport to an unoccupied space that you can see within 30 feet of yourself. You can use this reaction a number of times equal to your proficiency bonus, and you regain all expended uses when you finish a long rest.']",": 4th Level, Strike of the Giants (Cloud Strike) Feat"
26,Gunner,https://dnd5e.wikidot.com/feat:gunner, Tasha's Cauldron of Everything,"Source: Tasha's Cauldron of Everything. You have a quick hand and keen eye when employing firearms, granting you the following benefits:","['Increase your Dexterity score by 1, to a maximum of 20.', 'You gain proficiency with firearms (see “Firearms” in the Dungeon Master’s Guide).', 'You ignore the loading property of firearms.', ""Being within 5 feet of a hostile creature doesn't impose disadvantage on your ranged attack rolls.""]",
27,Healer,https://dnd5e.wikidot.com/feat:healer, Player's Handbook,"Source: Player's Handbook. You are an able physician, allowing you to mend wounds quickly and get your allies back in the fight. You gain the following benefits:","[""When you use a healer's kit to stabilize a dying creature, that creature also regains 1 hit point."", ""As an action. you can spend one use of a healer's kit to tend to a creature and restore 1d6 + 4 hit points to it, plus additional hit points equal to the creature's maximum number of Hit Dice. The creature can't regain hit points from this feat again until it finishes a short or long rest.""]",
28,Heavily Armored,https://dnd5e.wikidot.com/feat:heavily-armored, Player's Handbook,"Source: Player's Handbook. You have trained to master the use of heavy armor, gaining the following benefits:","['Increase your Strength score by 1, to a maximum of 20.', 'You gain proficiency with heavy armor.']",: Proficiency with medium armor
29,Heavy Armor Master,https://dnd5e.wikidot.com/feat:heavy-armor-master, Player's Handbook,Source: Player's Handbook. You can use your armor to deflect strikes that would kill others. You gain the following benefits:,"['Increase your Strength score by 1, to a maximum of 20.', 'While you are wearing heavy armor, bludgeoning, piercing, and slashing damage that you take from nonmagical attacks is reduced by 3.']",: Proficiency with heavy armor
30,Inspiring Leader,https://dnd5e.wikidot.com/feat:inspiring-leader, Player's Handbook,"Source: Player's Handbook. You can spend 10 minutes inspiring your companions, shoring up their resolve to fight. When you do so, choose up to six friendly creatures (which can include yourself) within 30 feet of you who can see or hear you and who can understand you. Each creature can gain temporary hit points equal to your level + your Charisma modifier. A creature can't gain temporary hit points from this feat again until it has finished a short or long rest.",[],: Charisma 13 or higher
31,Keen Mind,https://dnd5e.wikidot.com/feat:keen-mind, Player's Handbook,"Source: Player's Handbook. You have a mind that can track time, direction, and detail with uncanny precision. You gain the following benefits.","['Increase your Intelligence score by 1, to a maximum of 20.', 'You always know which way is north.', 'You always know the number of hours left before the next sunrise or sunset.', 'You can accurately recall anything you have seen or heard within the past month.']",
32,Keenness of the Stone Giant,https://dnd5e.wikidot.com/feat:keenness-of-the-stone-giant, Bigby Presents - Glory of the Giants,"Source: Bigby Presents - Glory of the Giants. You’ve manifested the physical talents emblematic of stone giants, granting you the following benefits:","['Ability Score Increase. Increase your Strength, Constitution, or Wisdom score by 1, to a maximum of 20.', 'Cavernous Sight. You gain darkvision with a range of 60 feet. If you already have darkvision from another source, its range increases by 60 feet.', 'Stone Throw. As a bonus action, you can take a rock and make a magical attack with it. The attack is a ranged spell attack with a range of 60 feet that uses the ability score you increased with this feat as the spellcasting ability. On a hit, the rock deals 1d10 force damage, and the target must succeed on a Strength saving throw (DC equals 8 + your proficiency bonus + the spellcasting ability modifier) or have the prone condition. You can use this bonus action a number of times equal to your proficiency bonus, and you regain all expended uses when you finish a long rest.']",": 4th Level, Strike of the Giants (Stone Strike) Feat"
33,Lightly Armored,https://dnd5e.wikidot.com/feat:lightly-armored, Player's Handbook,"Source: Player's Handbook. You have trained to master the use of light armor, gaining the following benefits.","['Increase your Strength or Dexterity score by 1, to a maximum of 20.', 'You gain proficiency with light armor.']",
34,Linguist,https://dnd5e.wikidot.com/feat:linguist, Player's Handbook,"Source: Player's Handbook. You have studied languages and codes, gaining the following benefits:","['Increase your Intelligence score by 1, to a maximum of 20.', 'You learn three languages of your choice.', ""You can ably create written ciphers. Others can't decipher a code you create unless you teach them, they succeed on an Intelligence check (DC equal to your Intelligence score + your proficiency bonus), or they use magic to decipher it.""]",
35,Lucky,https://dnd5e.wikidot.com/feat:lucky, Player's Handbook,"Source: Player's Handbook. You have inexplicable luck that seems to kick in at just the right moment.. You have 3 luck points. Whenever you make an attack roll, an ability check, or a saving throw, you can spend one luck point to roll an additional d20. You can choose to spend one of your luck points after you roll the die, but before the outcome is determined. You choose which of the d20s is used for the attack roll, ability check, or saving throw.. You can also spend one luck point when an attack roll is made against you. Roll a d20 and then choose whether the attack uses the attacker's roll or yours.. If more than one creature spends a luck point to influence the outcome of a roll, the points cancel each other out; no additional dice are rolled.. You regain your expended luck points when you finish a long rest.",[],
36,Mage Slayer,https://dnd5e.wikidot.com/feat:mage-slayer, Player's Handbook,"Source: Player's Handbook. You have practiced techniques in melee combat against spellcasters, gaining the following benefits.","['When a creature within 5 feet of you casts a spell, you can use your reaction to make a melee weapon attack against that creature.', 'When you damage a creature that is concentrating on a spell, that creature has disadvantage on the saving throw it makes to maintain its concentration.', 'You have advantage on saving throws against spells cast by creatures within 5 feet of you.']",
37,Magic Initiate,https://dnd5e.wikidot.com/feat:magic-initiate, Player's Handbook,"Source: Player's Handbook. Choose a class: bard, cleric, druid, sorcerer, warlock, or wizard. You learn two cantrips of your choice from that class's spell list.. In addition, choose one 1st-level spell to learn from that same list. Using this feat, you can cast the spell once at its lowest level, and you must finish a long rest before you can cast it in this way again.. Your spellcasting ability for these spells depends on the class you chose: Charisma for bard, sorcerer, or warlock; Wisdom for cleric or druid; or Intelligence for wizard.",[],
38,Martial Adept,https://dnd5e.wikidot.com/feat:martial-adept, Player's Handbook,Source: Player's Handbook. You have martial training that allows you to perform special combat maneuvers. You gain the following benefits.,"[""You learn two maneuvers of your choice from among those available to the Battle Master archetype in the fighter class. If a maneuver you use requires your target to make a saving throw to resist the maneuver's effects, the saving throw DC equals 8 + your proficiency bonus + your Strength or Dexterity modifier (your choice)."", 'You gain one superiority die, which is a d6 (this die is added to any superiority dice you have from another source). This die is used to fuel your maneuvers. A superiority die is expended when you use it. You regain your expended superiority dice when you finish a short or long rest.']",
39,Medium Armor Master,https://dnd5e.wikidot.com/feat:medium-armor-master, Player's Handbook,Source: Player's Handbook. You have practiced moving in medium armor to gain the following benefits:,"[""Wearing medium armor doesn't impose disadvantage on your Dexterity (Stealth) checks."", 'When you wear medium armor, you can add 3, rather than 2, to your AC if you have a Dexterity of 16 or higher.']",: Proficiency with medium armor
40,Metamagic Adept,https://dnd5e.wikidot.com/feat:metamagic-adept, Tasha's Cauldron of Everything,Source: Tasha's Cauldron of Everything. You've learned how to exert your will on your spells to alter how they function:,"['You learn two Metamagic options of your choice from the sorcerer class. You can use only one Metamagic option on a spell when you cast it, unless the option says otherwise. Whenever you reach a level that grants the Ability Score Improvement feature, you can replace one of these Metamagic options with another one from the sorcerer class.', 'You gain 2 sorcery points to spend on Metamagic (these points are added to any sorcery points you have from another source but can be used only on Metamagic). You regain all spent sorcery points when you finish a long rest.']",: Spellcasting or Pact Magic feature
41,Mobile,https://dnd5e.wikidot.com/feat:mobile, Player's Handbook,Source: Player's Handbook. You are exceptionally speedy and agile. You gain the following benefits:,"['Your speed increases by 10 feet.', ""When you use the Dash action, difficult terrain doesn't cost you extra movement on that turn."", ""When you make a melee attack against a creature, you don't provoke opportunity attacks from that creature for the rest of the turn, whether you hit or not.""]",
42,Moderately Armored,https://dnd5e.wikidot.com/feat:moderately-armored, Player's Handbook,"Source: Player's Handbook. You have trained to master the use of medium armor and shields, gaining the following benefits:","['Increase your Strength or Dexterity score by 1, to a maximum of 20.', 'You gain proficiency with medium armor and shields.']",: Proficiency with light armor
43,Mounted Combatant,https://dnd5e.wikidot.com/feat:mounted-combatant, Player's Handbook,"Source: Player's Handbook. You are a dangerous foe to face while mounted. While you are mounted and aren't incapacitated, you gain the following benefits:","['You have advantage on melee attack rolls against any unmounted creature that is smaller than your mount.', 'You can force an attack targeted at your mount to target you instead.', 'If your mount is subjected to an effect that allows it to make Dexterity saving throw to take only half damage, it instead takes no damage if it succeeds on the saving throw, and only half damage if it fails.']",
44,Observant,https://dnd5e.wikidot.com/feat:observant, Player's Handbook,"Source: Player's Handbook. Quick to notice details of your environment, you gain the following benefits:","['Increase your Intelligence or Wisdom score by 1, to a maximum of 20.', ""If you can see a creature's mouth while it is speaking a language you understand, you can interpret what it's saying by reading its lips."", 'You have a +5 bonus to your passive Wisdom (Perception) and passive Intelligence (Investigation) scores.']",
45,Piercer,https://dnd5e.wikidot.com/feat:piercer, Tasha's Cauldron of Everything,"Source: Tasha's Cauldron of Everything. You have achieved a penetrating precision in combat, granting you the following benefits:","['Increase your Strength or Dexterity by 1, to a maximum of 20.', 'Once per turn, when you hit a creature with an attack that deals piercing damage, you can re-roll one of the attack’s damage dice, and you must use the new roll.', 'When you score a critical hit that deals piercing damage to a creature, you can roll one additional damage die when determining the extra piercing damage the target takes.']",
46,Poisoner,https://dnd5e.wikidot.com/feat:poisoner, Tasha's Cauldron of Everything,"Source: Tasha's Cauldron of Everything. You can prepare and deliver deadly poisons, gaining the following benefits:","['When you make a damage roll, you ignore resistance to poison damage.', 'You can coat a weapon in poison as a bonus action, instead of an action.', ""You gain proficiency with the poisoner's kit if you don't already have it. With one hour of work using a poisoner's kit and expending 50 gp worth of materials, you can create a number of doses of potent poison equal to your proficiency bonus. Once applied to a weapon or piece of ammunition, the poison retains its potency for 1 minute or until you hit with the weapon or ammunition. When a creature takes damage from the coated weapon or ammunition, that creature must succeed on a DC 14 Constitution saving throw or take 2d8 poison damage and become poisoned until the end of your next turn.""]",
47,Polearm Master,https://dnd5e.wikidot.com/feat:polearm-master, Player's Handbook,Source: Player's Handbook. You gain the following benefits:,"[""When you take the Attack action and attack with only a glaive, halberd, quarterstaff, or spear, you can use a bonus action to make a melee attack with the opposite end of the weapon. This attack uses the same ability modifier as the primary attack. The weapon's damage die for this attack is a d4, and it deals bludgeoning damage."", 'While you are wielding a glaive, halberd, pike, quarterstaff, or spear, other creatures provoke an opportunity attack from you when they enter the reach you have with that weapon.']",
48,Resilient,https://dnd5e.wikidot.com/feat:resilient, Player's Handbook,Source: Player's Handbook. Choose one ability score. You gain the following benefits:,"['Increase the chosen ability score by 1, to a maximum of 20.', 'You gain proficiency in saving throws using the chosen ability.']",
49,Ritual Caster,https://dnd5e.wikidot.com/feat:ritual-caster, Player's Handbook,"Source: Player's Handbook. You have learned a number of spells that you can cast as rituals. These spells are written in a ritual book, which you must have in hand while casting one of them.. When you choose this feat, you acquire a ritual book holding two 1st-level spells of your choice. Choose one of the following classes: bard, cleric, druid, sorcerer, warlock, or wizard. You must choose your spells from that class's spell list, and the spells you choose must have the ritual tag. The class you choose also must have the ritual tag. The class you choose also determines your spellcasting ability for these spells: Charisma for bard, sorcerer, or warlock; Wisdom for cleric or druid; or Intelligence for wizard.. If you come across a spell in written form, such as a magical spell scroll or a wizard's spellbook, you might be able to add it to your ritual book. The spell must be on the spell list for the class you chose, the spell's level can be no higher than half your level (rounded up), and it must have the ritual tag. The process of copying the spell into your ritual book takes 2 hours per level of the spell, and costs 50 gp per level. The cost represents the material components you expend as you experiment with the spell to master it, as well as the fine inks you need to record it.",[],: Intelligence or Wisdom of 13 or higher
50,Rune Shaper,https://dnd5e.wikidot.com/feat:rune-shaper, Bigby Presents - Glory of the Giants,"Source: Bigby Presents - Glory of the Giants. You’ve studied the magic of Giant runes, granting you the following benefits:","['Comprehend Languages. You learn the comprehend languages spell. You can cast this spell without expending a spell slot, and you must finish a long rest before you can cast it in this way again. You can also cast this spell using any spell slots you have.', 'Rune Magic. You know a number of runes equal to half your proficiency bonus (rounded down), chosen from the Rune Spells table. Whenever you finish a long rest, you can inscribe each rune you know onto one nonmagical weapon, armor, piece of clothing, or other object you touch. You temporarily learn the 1st-level spells that correspond to the runes you inscribed, as specified on the Rune Spells table, and you know those spells until you finish a long rest, when the runes fade. While you are wearing or carrying any rune-marked object, you can cast the spells associated with those runes using any spell slots you have.\nYou can also invoke a rune inscribed on an object you are wearing or carrying and cast its associated spell without expending a spell slot or using material components. Once you cast the spell in this way, you can’t do so again until you finish a long rest. Your spellcasting ability for this feat is Intelligence, Wisdom, or Charisma (choose when you select this feat).\nEach time you gain a level, you can replace one of the runes you know with another one from the Rune Spells table.']",: Spellcasting Feature or Rune Carver Background
51,Savage Attacker,https://dnd5e.wikidot.com/feat:savage-attacker, Player's Handbook,"Source: Player's Handbook. Once per turn when you roll damage for a melee weapon attack, you can reroll the weapon's damage dice and use either total.",[],
52,Sentinel,https://dnd5e.wikidot.com/feat:sentinel, Player's Handbook,"Source: Player's Handbook. You have mastered techniques to take advantage of every drop in any enemy's guard, gaining the following benefits.","[""When you hit a creature with an opportunity attack, the creature's speed becomes 0 for the rest of the turn."", 'Creatures provoke opportunity attacks from you even if they take the Disengage action before leaving your reach.', ""When a creature within 5 feet of you makes an attack against a target other than you (and that target doesn't have this feat), you can use your reaction to make a melee weapon attack against the attacking creature.""]",
53,Shadow Touched,https://dnd5e.wikidot.com/feat:shadow-touched, Tasha's Cauldron of Everything,"Source: Tasha's Cauldron of Everything. Your exposure to the Shadowfell's magic has changed you, granting you the following benefits:","['Increase your Intelligence, Wisdom, or Charisma score by 1, to a maximum of 20.', ""You learn the Invisibility spell and one 1st-level spell of your choice. The 1st-level spell must be from the Illusion or Necromancy school of magic. You can cast each of these spells without expending a spell slot. Once you cast either of these spells in this way, you can't cast that spell in this way again until you finish a long rest. You can also cast these spells using spell slots you have of the appropriate level. The spells' spellcasting ability is the ability increased by this feat.""]",
54,Sharpshooter,https://dnd5e.wikidot.com/feat:sharpshooter, Player's Handbook,Source: Player's Handbook. You have mastered ranged weapons and can make shots that others find impossible. You gain the following benefits:,"[""Attacking at long range doesn't impose disadvantage on your ranged weapon attack rolls."", 'Your ranged weapon attacks ignore half and three-quarters cover.', ""Before you make an attack with a ranged weapon that you are proficient with, you can choose to take a -5 penalty to the attack roll. If that attack hits, you add +10 to the attack's damage.""]",
55,Shield Master,https://dnd5e.wikidot.com/feat:shield-master, Player's Handbook,Source: Player's Handbook. You use shields not just for protection but also for offense. You gain the following benefits while you are wielding a shield:,"['If you take the Attack action on your turn, you can use a bonus action to try to shove a creature within 5 feet of you with your shield.', ""If you aren't incapacitated, you can add your shield's AC bonus to any Dexterity saving throw you make against a spell or other harmful effect that targets only you."", 'If you are subjected to an effect that allows you to make a Dexterity saving throw to take only half damage, you can use your reaction to take no damage if you succeed on the saving throw, interposing your shield between yourself and the source of the effect.']",
56,Skill Expert,https://dnd5e.wikidot.com/feat:skill-expert, Tasha's Cauldron of Everything,"Source: Tasha's Cauldron of Everything. You have honed your proficiency with particular skills, granting you the following benefits:","['Increase one ability score of your choice by 1, to a maximum of 20.', 'You gain proficiency in one skill of your choice.', ""Choose one skill in which you have proficiency. You gain expertise with that skill, which means your proficiency bonus is doubled for any ability check you make with it. The skill you choose must be one that isn't already benefiting from a feature, such as Expertise, that doubles your proficiency bonus.""]",
57,Skilled,https://dnd5e.wikidot.com/feat:skilled, Player's Handbook,Source: Player's Handbook. You gain proficiency in any combination of three skills or tools of your choice.,[],
58,Skulker,https://dnd5e.wikidot.com/feat:skulker, Player's Handbook,Source: Player's Handbook. You are an expert at slinking through shadows. You gain the following benefits:,"['You can try to hide when you are lightly obscured from the creature from which you are hiding.', ""When you are hidden from a creature and miss it with a ranged weapon attack, making the attack doesn't reveal your position."", ""Dim light doesn't impose disadvantage on your Wisdom (Perception) checks relying on sight.""]",: Dexterity 13 or higher
59,Slasher,https://dnd5e.wikidot.com/feat:slasher, Tasha's Cauldron of Everything,"Source: Tasha's Cauldron of Everything. You've learned where to cut to have the greatest results, granting you the following benefits:","['Increase your Strength or Dexterity by 1, to a maximum of 20.', 'Once per turn when you hit a creature with an attack that deals slashing damage, you can reduce the speed of the target by 10 feet until the start of your next turn.', 'When you score a critical hit that deals slashing damage to a creature, you grievously wound it. Until the start of your next turn, the target has disadvantage on all attack rolls.']",
60,Soul of the Storm Giant,https://dnd5e.wikidot.com/feat:soul-of-the-storm-giant, Bigby Presents - Glory of the Giants,"Source: Bigby Presents - Glory of the Giants. You’ve manifested the tempest magic emblematic of storm giants, granting you the following benefits:","['Ability Score Increase. Increase your Strength, Wisdom, or Charisma score by 1, to a maximum of 20.', 'Maelstrom Aura. As a bonus action, you surround yourself with an aura of magical wind and lightning that extends 10 feet from you in every direction but not through total cover. The aura lasts until the start of your next turn or until you are incapacitated. While the aura is active, you have resistance to lightning and thunder damage. In addition, attack rolls against you have disadvantage, and whenever another creature starts its turn within the aura, you can force the creature to make a Strength saving throw (DC equals 8 + your proficiency bonus + the ability modifier of the score increased by this feat). On a failed save, the creature’s speed is halved until the start of its next turn. You can use this bonus action a number of times equal to your proficiency bonus, and you regain all expended uses when you finish a long rest.']",": 4th Level, Strike of the Giants (Storm Strike) Feat"
61,Spell Sniper,https://dnd5e.wikidot.com/feat:spell-sniper, Player's Handbook,"Source: Player's Handbook. You have learned techniques to enhance your attacks with certain kinds of spells, gaining the following benefits:","[""When you cast a spell that requires you to make an attack roll, the spell's range is doubled."", 'Your ranged spell attacks ignore half cover and three-quarters cover.', 'You learn one cantrip that requires an attack roll. Choose the cantrip from the bard, cleric, druid, sorcerer, warlock, or wizard spell list. Your spellcasting ability for this cantrip depends on the spell list you chose from: Charisma for bard, sorcerer, and warlock; Wisdom for cleric or druid; or Intelligence for wizard.']",: The ability to cast at least one spell
62,Strike of the Giants,https://dnd5e.wikidot.com/feat:strike-of-the-giants, Bigby Presents - Glory of the Giants,"Source: Bigby Presents - Glory of the Giants. You have absorbed primeval magic that gives you an echo of the might of giants. When you take this feat, choose one of the benefits listed below. Once per turn, when you hit a target with a melee weapon attack or a ranged weapon attack using a thrown weapon, you can imbue the attack with an additional effect depending on the benefit you chose:. The saving throw DC for these effects equals 8 + your proficiency bonus + your Strength or Constitution modifier.. You can use this feat a number of times equal to your proficiency bonus, and you regain all expended uses when you finish a long rest.","['Cloud Strike. The target takes an extra 1d4 thunder damage. If the target is a creature, it must succeed on a Wisdom saving throw, or you become invisible to it until the start of your next turn or until immediately after you make an attack roll or cast a spell.', 'Fire Strike. The target takes an extra 1d10 fire damage.', 'Frost Strike. The target takes an extra 1d6 cold damage. If the target is a creature, it must succeed on a Constitution saving throw, or its speed is reduced to 0 until the start of your next turn.', 'Hill Strike. The target takes an extra 1d6 damage of the weapon’s type. If the target is a creature, it must succeed on a Strength saving throw or have the prone condition.', 'Stone Strike. The target takes an extra 1d6 force damage. If the target is a creature, it must succeed on a Strength saving throw or be pushed 10 feet from you in a straight line.', 'Storm Strike. The target takes an extra 1d6 lightning damage. If the target is a creature, it must succeed on a Constitution saving throw, or it has disadvantage on attack rolls until the start of your next turn.']",: Martial Weapon Proficiency or Giant Foundling Background
63,Tavern Brawler,https://dnd5e.wikidot.com/feat:tavern-brawler, Player's Handbook,"Source: Player's Handbook. Accustomed to the rough-and-tumble fighting using whatever weapons happen to be at hand, you gain the following benefits:","['Increase your Strength or Consititution score by 1, to a maximum of 20.', 'You are proficient with improvised weapons.', 'Your unarmed strike uses a d4 for damage.', 'When you hit a creature with an unarmed strike or an improvised weapon on your turn, you can use a bonus action to attempt to grapple the target.']",
64,Telekinetic,https://dnd5e.wikidot.com/feat:telekinetic, Tasha's Cauldron of Everything,"Source: Tasha's Cauldron of Everything. You learn to move things with your mind, granting you the following benefits:","['Increase your Intelligence, Wisdom, or Charisma score by 1, to a maximum of 20.', 'You learn the mage hand cantrip. You can cast it without verbal or somatic components, and you can make the spectral hand invisible. If you already know this spell, its range increases by 30 feet when you cast it. Its spellcasting ability is the ability increased by this feat.', 'As a bonus action, you can try to telekinetically shove one creature you can see within 30 feet of you. When you do so, the target must succeed on a Strength saving throw (DC 8 + your proficiency bonus + the ability modifier of the score increased by this feat) or be moved 5 feet toward or away from you. A creature can willingly fail this save.']",
65,Telepathic,https://dnd5e.wikidot.com/feat:telepathic, Tasha's Cauldron of Everything,"Source: Tasha's Cauldron of Everything. You awaken the ability to mentally connect with others, granting you the following benefits:","['Increase your Intelligence, Wisdom, or Charisma score by 1, to a maximum of 20.', ""You can speak telepathically to any creature you can see within 60 feet of you. Your telepathic utterances are in a language you know, and the creature understands you only if it knows that language. Your communication doesn't give the creature the ability to respond to you telepathically."", 'You can cast the Detect Thoughts spell, requiring no spell slot or components, and you must finish a long rest before you can cast it this way again. Your spellcasting ability for the spell is the ability increased by this feat. If you have spell slots of 2nd level or higher, you can cast this spell with them.']",
66,Tough,https://dnd5e.wikidot.com/feat:tough, Player's Handbook,"Source: Player's Handbook. Your hit point maximum increases by an amount equal to twice your level when you gain this feat. Whenever you gain a level thereafter, your hit point maximum increases by an additional 2 hit points.",[],
67,Vigor of the Hill Giant,https://dnd5e.wikidot.com/feat:vigor-of-the-hill-giant, Bigby Presents - Glory of the Giants,"Source: Bigby Presents - Glory of the Giants. You’ve manifested the resilience emblematic of hill giants, granting you the following benefits:","['Ability Score Increase. Increase your Strength, Constitution, or Wisdom score by 1, to a maximum of 20.', 'Bulwark. When you are subjected to an effect that would move you at least 5 feet or give you the prone condition, you can use your reaction to steady yourself. You aren’t moved and don’t have the prone condition.', 'Iron Stomach. Whenever you eat food as part of a short rest and spend one or more Hit Dice to regain hit points, you regain additional hit points equal to your Constitution modifier + your proficiency bonus.']",": 4th Level, Strike of the Giants (Hill Strike) Feat"
68,War Caster,https://dnd5e.wikidot.com/feat:war-caster, Player's Handbook,"Source: Player's Handbook. You have practiced casting spells in the midst of combat, learning techniques that grant you the following benefits:","['You have advantage on Constitution saving throws that you make to maintain your concentration on a spell when you take damage.', 'You can perform the somatic components of spells even when you have weapons or a shield in one or both hands.', ""When a hostile creature's movement provokes an opportunity attack from you, you can use your reaction to cast a spell at the creature, rather than making an opportunity attack. The spell must have a casting time of 1 action and must target only that creature.""]",: The ability to cast at least one spell
69,Weapon Master,https://dnd5e.wikidot.com/feat:weapon-master, Player's Handbook,"Source: Player's Handbook. You have practiced extensively with a variety of weapons, gaining the following benefits:","['Increase your Strength or Dexterity score by 1, to a maximum of 20.', 'You gain proficiency with four weapons of your choice. Each one must be a simple or a martial weapon.']",
70,Agent of Order,https://dnd5e.wikidot.com/feat:agent-of-order, Planescape - Adventures in the Multiverse.,"Source: Planescape - Adventures in the Multiverse.. You can channel cosmic forces of order to gain these benefits:. Ability Score Increase. Increase an ability score of your choice by 1, to a maximum of 20.
Stasis Strike. Once per turn when you damage a creature you can see within 60 feet of yourself, you can deal an extra 1d8 force damage to the target, and it must succeed on a Wisdom saving throw (DC equal to 8 + your proficiency bonus + the modifier of the spellcasting ability you chose for the Scion of the Outer Planes feat) as spectral bindings try to ensnare it. On a successful save, the target escapes. On a failed save, the target has the restrained condition until the start of your next turn. These bindings manifest as chains or some other symbol of stasis. You can use this benefit a number of times equal to your proficiency bonus, and you regain all expended uses when you finish a long rest.",[],": 4th Level, Scion of the Outer Planes (Lawful Outer Plane) Feat"
71,Baleful Scion,https://dnd5e.wikidot.com/feat:baleful-scion, Planescape - Adventures in the Multiverse,"Source: Planescape - Adventures in the Multiverse. You can channel cosmic forces of evil to gain these benefits:. Ability Score Increase. Increase an ability score of your choice by 1, to a maximum of 20.
Grasp of Avarice. Once per turn, when you damage a creature you can see within 60 feet of yourself, you can also deal necrotic damage to it. The necrotic damage equals 1d6 + your proficiency bonus, and you regain a number of hit points equal to this necrotic damage dealt. You can use this benefit a number of times equal to your proficiency bonus, and you regain all expended uses when you finish a long rest.",[],": 4th Level, Scion of the Outer Planes (Evil Outer Plane) Feat."
72,Cohort of Chaos,https://dnd5e.wikidot.com/feat:cohort-of-chaos, Planescape - Adventures in the Multiverse,"Source: Planescape - Adventures in the Multiverse. You can channel cosmic forces of chaos to gain these benefits:. Ability Score Increase. Increase an ability score of your choice by 1, to a maximum of 20.
Chaotic Flare. When you roll a 1 or a 20 on an attack roll or a saving throw, the magic of chaos flows through you. Roll a d4 and consult the Chaotic Flares table to determine what happens. A flare lasts until the end of your next turn, and a new flare can't occur until after the first flare ends.",[],": 4th Level, Scion of the Outer Planes (Chaotic Outer Plane) Feat."
73,Outlands Envoy,https://dnd5e.wikidot.com/feat:outlands-envoy, Planescape - Adventures in the Multiverse,"Source: Planescape - Adventures in the Multiverse. You have spent significant time in Sigil or the Outlands, the crossroads of the multiverse. Being steeped in converging planar energies grants you these benefits:. Ability Score Increase. Increase an ability score of your choice by 1, to a maximum of 20.
Crossroads Emissary. You learn the misty step and tongues spells. You can cast each spell once using this feat without a spell slot, and you must finish a long rest before you can cast that spell in this way again. When you cast tongues using this feat, you require no material components. You can also cast these spells using spell slots you have of the appropriate level. The spells' spellcasting ability is the one chosen when you gained the Scion of the Outer Planes feat.",[],": 4th Level, Scion of the Outer Planes (The Outlands) Feat."
74,Planar Wanderer,https://dnd5e.wikidot.com/feat:planar-wanderer, Planescape - Adventures in the Multiverse,"Source: Planescape - Adventures in the Multiverse. You can draw upon the forces of the multiverse to survive cosmic extremes and to traverse its infinite realms, granting you these benefits:. Planar Adaption. When you finish a long rest, you gain resistance to either acid, cold or fire damage (your choice) until you finish your next long rest.. Portal Cracker. Your experience with portals allows you to open them without a portal key. As an action, you can concentrate on a portal you're aware of within 5 feet of yourself and make a DC 20 Intelligence (Arcana) check. On a failed check, you take 3d8 psychic damage and can't use this benefit on that portal again until you finish a long rest. On a successful check, you can force the portal open or closed for 1 hour. For that duration, the portal doesn't respond to its portal key unless a creature employing the key succeeds on a DC 20 Intelligence (Arcana) check as an action.. Portal Sense. You know the direction to the last planar portal you used while you and the portal are on the same plane of existence. Moreover, as an action, you can detect the location of any portals within 30 feet of you that aren't behind total cover. Once you detect a portal with this action, you can't use the action again until you finish a long rest.",[],": 4th Level, Scion of the Outer Planes Feat"
75,Righteous Heritor,https://dnd5e.wikidot.com/feat:righteous-heritor, Planescape - Adventures in the Multiverse,"Source: Planescape - Adventures in the Multiverse. You can channel cosmic forces of good to gain these benefits:. Ability Score Increase. Increase an ability score of your choice by 1, to a maximum of 20.
Soothe Pain. When you or a creature within 30 feet of you takes damage, you can use your reaction to reduce that damage by 1d10 + your proficiency bonus. You can use this benefit a number of times equal to your proficiency bonus, and you regain all expended uses when you finish a long rest.",[],": 4th Level, Scion of the Outer Planes (Good Outer Plane) Feat."
76,Scion of the Outer Planes,https://dnd5e.wikidot.com/feat:scion-of-the-outer-planes, Planescape - Adventures in the Multiverse,"Source: Planescape - Adventures in the Multiverse. Your connection to an Outer Plane infuses you with the energy there. Choose a type of plane listed in the Planar Infusion Table. Your choice gives you a resistance to a damage type and the ability to cast a cantrip, as specified in the table. You can cast this cantrip without material components, and your spellcasting ability for it is Intelligence, Wisdom or Charisma (choose when you select this feat).",[],: Planescape Campaign.
77,Strixhaven Initiate,https://dnd5e.wikidot.com/feat:strixhaven-initiate, Strixhaven: A Curriculum of Chaos,"Source: Strixhaven: A Curriculum of Chaos. You have studied some magical theory and have learned a few spells associated with Strixhaven University.. Choose one of Strixhaven's colleges: Lorehold, Prismari. Quandrix, Silverquill, or Witherbloom. You learn two cantrips and one 1st-level spell based on the college you choose, as specified in the Strixhaven Spells table.. You can cast the chosen 1st-level spell without a spell slot, and you must finish a long rest before you can cast it in this way again. You can also cast the spell using any spell slots you have.. Your spellcasting ability for this feat's spells is Intelligence, Wisdom, or Charisma (choose when you select this feat).",[],
78,Strixhaven Mascot,https://dnd5e.wikidot.com/feat:strixhaven-mascot, Strixhaven: A Curriculum of Chaos,"Source: Strixhaven: A Curriculum of Chaos. You have learned how to summon a Strixhaven mascot to assist you, granting you these benefits:","['You can cast the Find Familiar spell as a ritual. Your familiar can take the form of the mascot associated with the college you chose for the Strixhaven Initiate feat: a spirit statue mascot (Lorehold), an art elemental mascot (Prismari), a fractal mascot (Quandrix), an inkling mascot (Silverquill), or a pest mascot (Witherbloom).', 'When you take the Attack action on your turn, you can forgo one attack to allow your mascot familiar to make one attack of its own with its reaction.', ""If your mascot familiar is within 60 feet of you, you can be teleported as an action, swapping places with the familiar. If your destination space is too small for you to occupy, the teleportation fails and is wasted. Once you teleport this way, you can't do so again until you finish a long rest, unless you expend a spell slot of 2nd level or higher to do it again.""]",": 4th Level, Strixhaven Initiate Feat"
79,Adept of the Black Robes,https://dnd5e.wikidot.com/feat:adept-of-the-black-robes, Dragonlance: Shadow of the Dragon Queen,"Source: Dragonlance: Shadow of the Dragon Queen. You chose the moon Nuitari to influence your magic, and your ambition and loyalty to the Order of the Black Robes has been recognized, granting you these benefits:","['Ambitious Magic. You learn one 2nd-level spell of your choice. The 2nd-level spell must be from the Enchantment or Necromancy school of magic. You can cast this feat’s 2nd-level spell without a spell slot, and you must finish a long rest before you can cast it in this way again. You can also cast this spell using spell slots you have of the appropriate level. The spell’s spellcasting ability is the one chosen when you gained the Initiate of High Sorcery feat.', 'Life Channel. You can channel your life force into the power of your magic. When a creature you can see within 60 feet of you fails a saving throw against a spell that deals damage that you cast, you can expend a number of Hit Dice equal to the level of the spell. Roll the expended Hit Dice and add them together. The damage that the creature takes increases by an amount equal to that total.']",": 4th Level, Initiate of High Sorcery (Nuitari) Feat"
80,Adept of the Red Robes,https://dnd5e.wikidot.com/feat:adept-of-the-red-robes, Dragonlance: Shadow of the Dragon Queen,"Source: Dragonlance: Shadow of the Dragon Queen. You chose the moon Lunitari to influence your magic, and your dedication to maintaining the balance between all things has been recognized by the Order of the Red Robes, granting you these benefits:","['Insightful Magic. You learn one 2nd-level spell of your choice. The 2nd-level spell must be from the Illusion or Transmutation school of magic. You can cast this feat’s 2nd-level spell without a spell slot, and you must finish a long rest before you can cast it in this way again. You can also cast this spell using spell slots you have of the appropriate level. The spell’s spellcasting ability is the one chosen when you gained the Initiate of High Sorcery feat.', 'Magical Balance. When you make an attack roll or an ability check and roll a 9 or lower on the d20, you can balance fate and treat the roll as a 10. You can balance fate in this way a number of times equal to your proficiency bonus, and you regain all expended uses when you finish a long rest.']",": 4th Level, Initiate of High Sorcery (Lunitari) Feat"
81,Adept of the White Robes,https://dnd5e.wikidot.com/feat:adept-of-the-white-robes, Dragonlance: Shadow of the Dragon Queen,"Source: Dragonlance: Shadow of the Dragon Queen. You chose the moon Solinari to influence your magic, and your oath to use magic to make the world a better place has been recognized by the Order of the White Robes, granting you these benefits:","['Protective Magic. You learn one 2nd-level spell of your choice. The 2nd-level spell must be from the Abjuration or Divination school of magic. You can cast this feat’s 2nd-level spell without a spell slot, and you must finish a long rest before you can cast it in this way again. You can also cast this spell using spell slots you have of the appropriate level. The spell’s spellcasting ability is the one chosen when you gained the Initiate of High Sorcery feat.', 'Protective Ward. When you or a creature you can see within 30 feet of you takes damage, you can use your reaction to expend a spell slot and weave protective magic around the target. Roll a number of d6s equal to the level of the spell slot expended and reduce the damage the target takes by the total rolled on those dice + your spellcasting ability modifier.']",": 4th Level, Initiate of High Sorcery Feat"
82,Divinely Favored,https://dnd5e.wikidot.com/feat:divinely-favored, Dragonlance: Shadow of the Dragon Queen,"Source: Dragonlance: Shadow of the Dragon Queen. A god chose you to carry a spark of their power.. You learn one cantrip of your choice from the Cleric spell list and one 1st-level spell based on the alignment of your character, as specified in the Alignment Spells table below. You also learn the Augury spell.. You can cast the chosen 1st-level spell and the Augury spell without a spell slot, and you must finish a long rest before you can cast either of these spells in this way again. You can also cast these spells using spell slots you have of the appropriate level.. Your spellcasting ability for this feat’s spells is Intelligence, Wisdom, or Charisma (choose when you select this feat).. In addition, you can use a holy symbol as a spellcasting focus for any spell you cast that uses the spellcasting ability you choose when you select this feat.",[],": 4th Level, Dragonlance Campaign"
83,Initiate of High Sorcery,https://dnd5e.wikidot.com/feat:initiate-of-high-sorcery, Dragonlance: Shadow of the Dragon Queen,"Source: Dragonlance: Shadow of the Dragon Queen. You've received training from magic-users affiliated with the Mages of High Sorcery.. Choose one of the three moons of Krynn to influence your magic: the black moon, Nuitari; the red moon, Lunitari; or the white moon Solinari. You learn one cantrip of your choice from the Wizard spell list and two 1st-level spells based on the moon you choose, as specified in the Lunar Spells table.. You can cast each of the chosen 1st-level spells without a spell slot, and you must finish a long rest before you can cast it in this way again. You can also cast the spells using any spell slots you have.. Your spellcasting ability for this feat’s spells is Intelligence, Wisdom, or Charisma (choose when you select this feat).",[],": Dragonlance Campaign, Sorcerer or Wizard Class or Mage of High Sorcery Background"
84,Knight of the Crown,https://dnd5e.wikidot.com/feat:knight-of-the-crown, Dragonlance: Shadow of the Dragon Queen,"Source: Dragonlance: Shadow of the Dragon Queen. You are a Knight of Solamnia aligned with the Order of the Crown, a group that extols the virtues of cooperation, loyalty, and obedience. You excel in group combat and gain these benefits:","['Ability Score Increase. Increase your Strength, Dexterity, or Constitution score by 1, to a maximum of 20.', ""Commanding Rally. As a bonus action, you can command one ally within 30 feet of yourself to attack. If that ally can see or hear you, they can immediately make one weapon attack as a reaction. If the attack hits, the ally can roll a d8 and add the number rolled as a bonus to the attack's damage roll. You can use this bonus action a number of times equal to your proficiency bonus, and you regain all expended uses when you finish a long rest.""]",": 4th Level, Squire of Solamnia Feat"
85,Knight of the Rose,https://dnd5e.wikidot.com/feat:knight-of-the-rose, Dragonlance: Shadow of the Dragon Queen,"Source: Dragonlance: Shadow of the Dragon Queen. You are a Knight of Solamnia aligned with the Order of the Rose, a group known for leadership, justice, and wisdom. Your resolve grants you these benefits:","['Ability Score Increase. Increase your Constitution, Wisdom, or Charisma score by 1, to a maximum of 20.', 'Bolstering Rally. As a bonus action, you can encourage one creature you can see within 30 feet of yourself (you can choose yourself). If the target can see or hear you, the target gains temporary hit points equal to 1d8 + your proficiency bonus + the ability modifier of the ability score increased by this feat. You can use this bonus action a number of times equal to your proficiency bonus, and you regain all expended uses when you finish a long rest.']",": 4th Level, Squire of Solamnia Feat"
86,Knight of the Sword,https://dnd5e.wikidot.com/feat:knight-of-the-sword, Dragonlance: Shadow of the Dragon Queen,"Source: Dragonlance: Shadow of the Dragon Queen. You are a Knight of Solamnia aligned with the Order of the Sword, a group devoted to heroism and courage. Bravery steels your spirit, granting you these benefits:","['Ability Score Increase Increase your Intelligence, Wisdom, or Charisma score by 1, to a maximum of 20.', 'Demoralizing Strike. Once per turn, when you hit a creature with a weapon attack roll, you can attempt to frighten that target. The target must make a Wisdom saving throw (DC equals 8 + your proficiency bonus + the ability modifier of the score increased by this feat). On a failed save, the target is frightened of you until the end of your next turn. On a successful save, the target has disadvantage on the next attack roll it makes before the end of its next turn. You can use this benefit a number of times equal to your proficiency bonus, and you regain all expended uses when you finish a long rest.']",": 4th Level, Squire of Solamnia Feat"
87,Squire of Solamnia,https://dnd5e.wikidot.com/feat:squire-of-solamnia, Dragonlance: Shadow of the Dragon Queen,Source: Dragonlance: Shadow of the Dragon Queen. Your training in the ways of the Knights of Solamnia grants you these benefits:,"['Mount Up. Mounting or dismounting costs you only 5 feet of movement.', ""Precise Strike. Once per turn, when you make a weapon attack roll against a creature, you can cause the attack roll to have advantage. If the attack hits, you roll a d8 and add the number rolled as a bonus to the attack's damage roll. You can use this benefit a number of times equal to your proficiency bonus, but a use is expended only if the attack hits. You regain all expended uses when you finish a long rest.""]",": Dragonlance Campaign, Fighter or Paladin Class or Knight of Solamnia Background"
88,Servo Crafting,https://dnd5e.wikidot.com/feat:servo-crafting, Plane Shift - Kaladesh,"Source: Plane Shift - Kaladesh. You are skilled in the creation of servos—tiny constructs that function as personal assistants. You can cast the Find Familiar spell as a ritual, creating a servo to serve as your familiar instead of an animal. It uses the Servo stat block, but in every other way, a servo familiar functions as described in the find familiar spell.. You can communicate telepathically with your servo familiar and perceive through its senses as long as you are on the same plane of existence. You can speak through your servo in your own voice.. Additionally, when you take the Attack action, you can forgo one of your own attacks to allow your servo familiar to make one attack of its own.",[],: Intelligence 13 or higher
89,Quicksmithing,https://dnd5e.wikidot.com/feat:quicksmithing, Plane Shift - Kaladesh,"Source: Plane Shift - Kaladesh. You have mastered the art of on-the-fly invention, improvement, and jury-rigging. You can use your talents to create immediate, short-term magical effects similar to spells, given time and an adequate supply of aether.. When you choose this feat, you master two magical effects, each of which recreates the effect of a 1st-level spell that has the ritual tag. These spells can come from any class list, but Intelligence is your spellcasting ability for them.. If you come across a schematic geared toward quicksmithing or study with another quicksmith, you might be able to add another spell to the effects you have mastered. The spell’s level can be no higher than half your level (rounded up), and it must have the ritual tag. The process of mastering the spell takes 2 hours per level of the spell, and costs 50 gp per level. The cost represents aether you use as you experiment with the spell effect to master it.. In addition, you have proficiency with artisan’s tools (quicksmith’s tools). Using those tools, you can spend 1 hour and 10 gp worth of materials to construct a Tiny clockwork device (AC 5, 1 hp). The device ceases to function after 24 hours unless you spend 1 hour repairing it to keep it functioning. You can use your action to dismantle the device, at which point you can reclaim the materials used to create it. You can have up to three such devices active at a time.. When you create a device, choose one of the following options:","['Clockwork Toy. This toy is a clockwork animal, monster, or person, such as a frog, mouse, bird, dragon, or soldier. When placed on the ground, the toy moves 5 feet across the ground on each of your turns in a random direction. It makes noises as appropriate to the creature it represents.', 'Fire Starter. This device produces a miniature flame, which you can use to light a candle, torch, or campfire. Using the device requires your action.', 'Music Box. When opened, this music box plays a single song at a moderate volume. The box stops playing when it reaches the song’s end or when it is closed.']",: Intelligence 13 or higher
90,Cruel,https://dnd5e.wikidot.com/feat:cruel, Tal'Dorei Campaign Setting Reborn,"Source: Tal'Dorei Campaign Setting Reborn. The challenges and struggles you've faced throughout your life have led you to delight in inflicting pain and anguish upon others. You gain a number of cruelty dice equal to your proficiency bonus. Your cruelty dice are d6s. You can roll only one cruelty die per turn, and a cruelty die is spent when you roll it.. You can roll a cruelty die under any of the following circumstances, with the indicated result:. You regain all spent cruelty dice when you finish a long rest.","['When you deal damage to a creature, spend one cruelty die to deal extra damage to the creature equal to the roll.', 'When you score a critical hit, spend one cruelty die to gain temporary hit points equal to the roll.', 'When you make a Charisma (Intimidation) check, spend one cruelty die and add the roll to your check.']",
91,Flash Recall,https://dnd5e.wikidot.com/feat:flash-recall, Tal'Dorei Campaign Setting Reborn,"Source: Tal'Dorei Campaign Setting Reborn. You've developed the ability to instantly recall an unprepared spell in moments of sudden necessity.. As a bonus action, you prepare a spell of 1st level or higher from your spellbook (if you're a wizard) or from your class spell list (if you're not a wizard). This spell must be of a level for which you have spell slots, and it replaces another spell of an equal or higher level that you had previously prepared.. Once you use this feat to recall a spell, you can't do so again until you complete a short or long rest.",[],: Spellcasting feature from a class that prepares spells
92,Mystic Conflux,https://dnd5e.wikidot.com/feat:mystic-conflux, Tal'Dorei Campaign Setting Reborn,"Source: Tal'Dorei Campaign Setting Reborn. You possess an intuitive understanding of the way magic ebbs and flows within enchanted items. Such items attune easily to you, and you are able to sound out their secrets. You gain the following benefits:","['You can attune to up to four magic items at once.', 'You can cast the Identify spell without expending a spell slot or material components. You must finish a long rest before you can do so again.']",
93,Remarkable Recovery,https://dnd5e.wikidot.com/feat:remarkable-recovery, Tal'Dorei Campaign Setting Reborn,"Source: Tal'Dorei Campaign Setting Reborn. Your body has the ability to recover quickly from terrible injuries, and is unusually receptive to healing magic. You gain the following benefits:","['Increase your Constitution score by 1, to a maximum of 20.', 'When you are successfully stabilized while dying, you regain hit points equal to your Constitution modifier (minimum of 1).', 'Whenever you regain hit points as a result of a spell, potion, or class feature (but not this feat), you regain additional hit points equal to your Constitution modifier (minimum of 1).']",
94,Spelldriver,https://dnd5e.wikidot.com/feat:spelldriver, Tal'Dorei Campaign Setting Reborn,"Source: Tal'Dorei Campaign Setting Reborn. Prerequisites: Character level 11 or higher; Spellcasting or Pact Magic feature. Through intense focus, training, and dedication, you’ve harnessed the techniques of rapid spellcasting. When you use your bonus action to cast a spell of 1st level or higher, you can also use your action to cast another spell of 1st level or higher. However, if you cast two or more spells in a single turn, only one of them can be 3rd level or higher.",[],
95,Thrown Arms Master,https://dnd5e.wikidot.com/feat:thrown-arms-master, Tal'Dorei Campaign Setting Reborn,"Source: Tal'Dorei Campaign Setting Reborn. You’ve honed your ability to lob weaponry into the fray, including weapons not meant for ranged combat. You gain the following benefits:","['Increase your Strength or Dexterity score by 1, to a maximum of 20.', 'Simple and martial melee weapons without the thrown property have the thrown property for you. One-handed weapons have a normal range of 20 feet and a long range of 60 feet, while two-handed weapons have a normal range of 15 feet and a long range of 30 feet.', 'Weapons that already have the thrown property increase their short range by 20 feet and their long range by 40 feet for you.', 'When you miss with a thrown weapon attack using a light weapon, the weapon returns to your grasp like a boomerang at the end of your turn, unless something prevents it from returning. You can catch and stow as many weapons as you threw in this way.']",
96,Vital Sacrifice,https://dnd5e.wikidot.com/feat:vital-sacrifice, Tal'Dorei Campaign Setting Reborn,"Source: Tal'Dorei Campaign Setting Reborn. You've learned secrets of hemocraft that grant you esoteric power at the price of your own life force. As a bonus action, you can choose to take 1d6 necrotic damage to gain a blood boon. Your blood boon lasts for 1 hour or until expended.. You can expend this blood boon to gain one of the following benefits:. The damage you take to gain a blood boon can’t be reduced in any way.","['When you make an attack roll, you roll 1d6 and add it to the total.', 'When you hit with an attack or spell, you deal an additional 2d6 necrotic damage.', 'When you cause a creature to make a Strength, Dexterity, or Constitution saving throw, roll a d4 and reduce their save by the amount rolled.']",
